straatname,beroep,beroepcategorie,sekseofgeslacht,geboortedatum,eeuw,land van nationaliteit,geboorteplaats,afbeelding,aantal,wiki
Abraham Hans,schrijver,schrijver,mannelijk,1882-02-12T01:00:00Z,negentiendeeeuw,Belgi�,Sint-Maria-Horebeke,Abraham Hans.png,5,https://nl.wikipedia.org/wiki/Abraham_Hans
Adriaen Brouwer,kunstschilder,beeldend kunstenaar,mannelijk,1605-01-01T01:00:00Z,zeventiendeeeuw,Zuidelijke Nederlanden,Oudenaarde,Adriaen Brouwer.png,7,https://nl.wikipedia.org/wiki/Adriaen_Brouwer
Albert Servaes,kunstschilder,beeldend kunstenaar,mannelijk,1883-04-04T01:00:00Z,negentiendeeeuw,Belgi�,Gent,,6,https://nl.wikipedia.org/wiki/Albert_Servaes
Albrecht Rodenbach,dichter,schrijver,mannelijk,1856-10-27T01:00:00Z,negentiendeeeuw,Belgi�,Roeselare,Albrecht Rodenbach.png,55,https://nl.wikipedia.org/wiki/Albrecht_Rodenbach
Alfred De Taeye,politicus,politicus,mannelijk,1905-06-21T00:09:21Z,twintigsteeeuw,Belgi�,,Alfred De Taeye.png,8,https://nl.wikipedia.org/wiki/Alfred_De_Taeye
Alfred Ost,kunstschilder,beeldend kunstenaar,mannelijk,1884-02-14T01:00:00Z,negentiendeeeuw,Belgi�,Zwijndrecht,Alfred Ost.png,4,https://nl.wikipedia.org/wiki/Alfred_Ost
Alice Nahon,dichter,schrijver,vrouwelijk,1896-08-16T01:00:00Z,negentiendeeeuw,Belgi�,Antwerpen,alice nahon.png,11,https://nl.wikipedia.org/wiki/Alice_Nahon
Andreas Vesalius,anatoom,wetenschapper,mannelijk,1514-12-21T01:00:00Z,zestiendeeeuw,Habsburgse Nederlanden,Brussel,Andreas Vesalius.png,8,https://nl.wikipedia.org/wiki/Andreas_Vesalius
Anna Bijns,schrijver,schrijver,vrouwelijk,1493-02-23T01:00:00Z,vijftiendeeeuw,Zuidelijke Nederlanden,Antwerpen,Anna Bijns.png,6,https://nl.wikipedia.org/wiki/Anna_Bijns
Anne Frank,dagboekschrijver,schrijver,vrouwelijk,1929-06-12T01:00:00Z,twintigsteeeuw,Duitsland,Frankfurt am Main,Anne Frank.png,6,https://nl.wikipedia.org/wiki/Anne_Frank
Anthony van Dyck,kunstschilder,beeldend kunstenaar,mannelijk,1599-03-22T01:00:00Z,zestiendeeeuw,Zuidelijke Nederlanden,Antwerpen,Anthony van Dyck.png,27,https://nl.wikipedia.org/wiki/Antoon_van_Dyck
Armand Preud'homme,componist,muziek,mannelijk,1904-02-21T00:09:21Z,twintigsteeeuw,Belgi�,Peer,Armand Preud'homme.png,6,https://nl.wikipedia.org/wiki/Armand_Preud%27homme
August De Boeck,organist,muziek,mannelijk,1865-05-09T01:00:00Z,negentiendeeeuw,Belgi�,Merchtem,August De Boeck.png,7,https://nl.wikipedia.org/wiki/August_De_Boeck
August Vermeylen,schrijver,schrijver,mannelijk,1872-05-12T01:00:00Z,negentiendeeeuw,Belgi�,Brussel,August Vermeylen.png,29,https://nl.wikipedia.org/wiki/August_Vermeylen
Camille Huysmans,politicus,politicus,mannelijk,1871-05-26T01:00:00Z,negentiendeeeuw,Belgi�,Bilzen,Camille Huysmans.png,5,https://nl.wikipedia.org/wiki/Camille_Huysmans
Charles De Coster,schrijver,schrijver,mannelijk,1827-08-20T01:00:00Z,negentiendeeeuw,Belgi�,M�nchen,Charles De Coster.png,7,https://nl.wikipedia.org/wiki/Charles_De_Coster
Christine D'haen,dichter,schrijver,vrouwelijk,1923-10-25T00:00:00Z,twintigsteeeuw,Belgi�,Sint-Amandsberg,Christine Dhaen.png,3,https://nl.wikipedia.org/w/index.php?search=Christine+Dhaen&title=Speciaal:Zoeken&go=Artikel&searchToken=f164vifwk60nztnnk1h9opao
Constant Permeke,kunstschilder,beeldend kunstenaar,mannelijk,1886-07-31T01:00:00Z,negentiendeeeuw,Belgi�,Antwerpen,Constant Permeke.png,23,https://nl.wikipedia.org/wiki/Constant_Permeke
Cyriel Buysse,schrijver,schrijver,mannelijk,1859-09-20T01:00:00Z,negentiendeeeuw,Belgi�,Nevele,Cyriel Buysse.png,16,https://nl.wikipedia.org/wiki/Cyriel_Buysse
Cyriel Verschaeve,dichter,schrijver,mannelijk,1874-04-30T01:00:00Z,negentiendeeeuw,Belgi�,Ardooie,Cyriel Verschaeve.png,6,https://nl.wikipedia.org/wiki/Cyriel_Verschaeve
David Teniers II,kunstschilder,beeldend kunstenaar,mannelijk,1610-12-15T01:00:00Z,zeventiendeeeuw,Zuidelijke Nederlanden,Antwerpen,David Teniers II.png,18,https://nl.wikipedia.org/wiki/David_Teniers_II
Leon De Bruyn,politicus,politicus,mannelijk,1838-10-07T01:00:00Z,negentiendeeeuw,Belgi�,Dendermonde,,5,https://nl.wikipedia.org/wiki/L%C3%A9on_De_Bruyn
Miguel de Pret,kunstschilder,beeldend kunstenaar,mannelijk,1595-01-01T01:00:00Z,zestiendeeeuw,,,Cyriel Verschaeve.png,6,https://commons.wikimedia.org/wiki/Category:Miguel_de_Pret
Dirk Bouts,kunstschilder,beeldend kunstenaar,mannelijk,1414-12-23T01:00:00Z,vijftiendeeeuw,Koninkrijk der Nederlanden,Haarlem,Dirk Bouts.png,8,https://en.wikipedia.org/wiki/Dieric_Bouts
Dirk Martens,bewerker,beeldend kunstenaar,mannelijk,1445-12-23T01:00:00Z,vijftiendeeeuw,Aalst,Dirk Martens.png,Cyriel Verschaeve.png,5,https://en.wikipedia.org/wiki/Dirk_Martens
Giovanni Bosco,schrijver,schrijver,mannelijk,1815-08-16T01:00:00Z,negentiendeeeuw,Koninkrijk Itali�,Castelnuovo Don Bosco,Giovanni Bosco.png,11,https://en.wikipedia.org/wiki/John_Bosco
Edgar Tinel,componist,muziek,mannelijk,1854-03-27T01:00:00Z,negentiendeeeuw,Belgi�,Sint-Niklaas,Edgar Tinel.png,25,https://en.wikipedia.org/wiki/Edgar_Tinel
Edith Cavell,verpleegkundige,verpleegkundige,vrouwelijk,1865-12-04T01:00:00Z,negentiendeeeuw,Verenigd Koninkrijk,Swardeston,Edith Cavell.png,4,https://en.wikipedia.org/wiki/Edith_Cavell
Emile Claus,kunstschilder,beeldend kunstenaar,mannelijk,1849-09-27T01:00:00Z,negentiendeeeuw,Belgi�,Sint-Eloois-Vijve,Emile Claus.png,9,https://en.wikipedia.org/wiki/Emile_Claus
Emiel Hullebroeck,politicus,politicus,mannelijk,1878-02-20T01:00:00Z,negentiendeeeuw,Belgi�,,Emiel Hullebroeck.png,12,https://nl.wikipedia.org/wiki/Emiel_Hullebroeck
Emile Vandervelde,politicus,politicus,mannelijk,1866-01-25T01:00:00Z,negentiendeeeuw,Belgi�,Elsene,Emile Vandervelde.png,11,https://nl.wikipedia.org/wiki/Emile_Vandervelde
Emile Verhaeren,schrijver,schrijver,mannelijk,1855-05-21T01:00:00Z,negentiendeeeuw,Belgi�,Sint-Amands,Emile Verhaeren.png,8,https://nl.wikipedia.org/wiki/Emile_Verhaeren
Emmanuel Hiel,dichter,schrijver,mannelijk,1834-05-30T01:00:00Z,negentiendeeeuw,Belgi�,Dendermonde,Emmanuel Hiel.png,5,https://nl.wikipedia.org/wiki/Emmanuel_Hiel
Ernest Claes,schrijver,schrijver,mannelijk,1885-10-24T01:00:00Z,negentiendeeeuw,Belgi�,Scherpenheuvel-Zichem,Ernest Claes.png,45,https://nl.wikipedia.org/wiki/Ernest_Claes
Felix Timmermans,toneelschrijver,schrijver,mannelijk,1886-07-05T01:00:00Z,negentiendeeeuw,Belgi�,Lier,Felix Timmermans.png,37,https://nl.wikipedia.org/wiki/Felix_Timmermans
Ferdinand Verbiest,astronoom,wetenschapper,mannelijk,1623-10-09T01:00:00Z,zeventiendeeeuw,Ming-dynastie,Pittem,Ferdinand Verbiest.png,5,https://nl.wikipedia.org/wiki/Ferdinand_Verbiest
Filip De Pillecyn,schrijver,schrijver,mannelijk,1891-03-25T01:00:00Z,negentiendeeeuw,Belgi�,Hamme,Filip De Pillecyn.png,7,https://nl.wikipedia.org/wiki/Filip_De_Pillecyn
Franklin Delano Roosevelt,politicus,politicus,mannelijk,1882-01-30T01:00:00Z,negentiendeeeuw,Verenigde Staten van Amerika,Hyde Park,Franklin Delano Roosevelt.png,8,https://nl.wikipedia.org/wiki/Franklin_Delano_Roosevelt
Frans Hals,kunstschilder,beeldend kunstenaar,mannelijk,1581-12-22T01:00:00Z,zestiendeeeuw,Koninkrijk der Nederlanden,Antwerpen,Frans Hals.png,8,https://nl.wikipedia.org/wiki/Frans_Hals
Gabrielle Petit,spion,spion,vrouwelijk,1893-02-20T01:00:00Z,negentiendeeeuw,Belgi�,Doornik,Gabrielle Petit.png,3,https://nl.wikipedia.org/wiki/Gabrielle_Petit
Jan van Eyck,kunstschilder,beeldend kunstenaar,mannelijk,1389-12-24T01:00:00Z,veertiendeeeuw,Zuidelijke Nederlanden,Vlaanderen,Jan van Eyck.png,31,https://nl.wikipedia.org/wiki/Jan_van_Eyck
Gerard Leman,officier,militair,mannelijk,1851-01-08T01:00:00Z,negentiendeeeuw,Belgi�,Luik,Gerard Leman.png,12,https://nl.wikipedia.org/wiki/G%C3%A9rard_Leman
Gerardus Mercator,wiskundige,wetenschapper,mannelijk,1512-02-24T01:00:00Z,zestiendeeeuw,Belgi�,Rupelmonde,Gerardus Mercator.png,9,https://nl.wikipedia.org/wiki/Gerard_Mercator
Gerard Walschap,schrijver,schrijver,mannelijk,1898-07-09T01:00:00Z,negentiendeeeuw,Belgi�,Londerzeel,Gerard Walschap.png,7,https://nl.wikipedia.org/wiki/Gerard_Walschap
Filips van Montmorency,staatsman,politicus,manneljk,1524-05-30T00:00:00Z,zestiendeeeuw,Belgi�,Deinze,Filips van Montmorency.png,6,https://nl.wikipedia.org/wiki/Filips_van_Montmorency
Gravin Johanna,adel,adel,vrouwelijk,1197-05-30T00:00:00Z,twaalfdeeeuw,Frankrijk,Marquette,Gravin Johanna.png,3,"https://en.wikipedia.org/wiki/Joan,_Countess_of_Flanders"
Guido Gezelle,schrijver,schrijver,mannelijk,1830-05-01T00:00:00Z,negentiendeeeuw,Belgi�,Brugge,Guido Gezelle.png,128,https://en.wikipedia.org/wiki/Guido_Gezelle
Hans Memling,kunstschilder,beeldend kunstenaar,mannelijk,1435-05-30T00:00:00Z,vijftiendeeeuw,Duitsland,Seligenstadt,Hans Memling.png,14,https://en.wikipedia.org/wiki/Hans_Memling
Hendrik Conscience,schrijver,schrijver,mannelijk,1812-12-03T00:00:00Z,negentiendeeeuw,Belgi�,Antwerpen,Hendrik Conscience.png,72,https://en.wikipedia.org/wiki/Hendrik_Conscience
Henri Dunant,zakenman,zakenman,mannelijk,1828-05-08T00:00:00Z,negentiendeeeuw,Zwitserland,Gen�ve,Henri Dunant.png,16,https://en.wikipedia.org/wiki/Henry_Dunant
Herman Teirlinck,toneelschrijver,schrijver,mannelijk,1879-02-24T01:00:00Z,negentiendeeeuw,Belgi�,Sint-Jans-Molenbeek,Herman Teirlinck.png,12,https://en.wikipedia.org/wiki/Herman_Teirlinck
Hugo van der Goes,kunstschilder,beeldend kunstenaar,mannelijk,1439-12-23T01:00:00Z,vijftiendeeeuw,Zuidelijke Nederlanden,Gent,Hugo van der Goes.png,7,https://en.wikipedia.org/wiki/Hugo_van_der_Goes
Hugo Verriest,dichter,schrijver,mannelijk,1840-11-25T01:00:00Z,negentiendeeeuw,Belgi�,Deerlijk,Hugo Verriest.png,46,https://nl.wikipedia.org/wiki/Hugo_Verriest
Jacob Jordaens,kunstschilder,beeldend kunstenaar,mannelijk,1593-05-19T01:00:00Z,zestiendeeeuw,Zuidelijke Nederlanden,Antwerpen,Jacob Jordaens.png,15,https://nl.wikipedia.org/wiki/Jacob_Jordaens
Jakob Smits,kunstschilder,beeldend kunstenaar,mannelijk,1855-07-09T01:00:00Z,negentiendeeeuw,Belgi�,Rotterdam,Jakob Smits.png,6,https://nl.wikipedia.org/wiki/Jakob_Smits
Jacob van Artevelde,politicus,politicus,mannelijk,1289-12-25T01:00:00Z,dertiendeeeuw,Belgi�,Gent,Jacob van Artevelde.png,18,https://nl.wikipedia.org/wiki/Jacob_van_Artevelde
Jacob van Maerlant,dichter,schrijver,mannelijk,1234-12-25T01:00:00Z,dertiendeeeuw,Graafschap Vlaanderen,Jacob van Maerlant.png,Joseph Wauters.png,17,https://nl.wikipedia.org/wiki/Jacob_van_Maerlant
James Ensor,kunstschilder,beeldend kunstenaar,mannelijk,1860-04-13T01:00:00Z,negentiendeeeuw,Belgi�,Oostende,James Ensor.png,12,https://nl.wikipedia.org/wiki/James_Ensor
Jan Blockx,componist,muziek,mannelijk,1851-01-25T01:00:00Z,negentiendeeeuw,Belgi�,Antwerpen,Jan Blockx.png,6,https://nl.wikipedia.org/wiki/Jan_Blockx
Jan Breydel,politicus,politicus,mannelijk,1299-12-25T01:00:00Z,dertiendeeeuw,Brugge,Jan Breydel.png,Joseph Wauters.png,18,https://nl.wikipedia.org/wiki/Jan_Breydel
Jean-Baptist David,kanunnik,religieus,mannelijk,1801-01-25T01:00:00Z,negentiendeeeuw,Belgi�,Lier,Jean-Baptist David.png,14,https://en.wikipedia.org/wiki/Jean-Baptist_David
Jan Hammenecker,schrijver,schrijver,mannelijk,1878-10-02T01:00:00Z,negentiendeeeuw,Belgi�,,Jan Hammenecker.png,7,https://en.wikipedia.org/wiki/Jan_Hammenecker
Jan Palfijn,anatoom,wetenschapper,mannelijk,1650-11-28T01:00:00Z,zeventiendeeeuw,Belgi�,Kortrijk,Jan Palfijn.png,7,https://en.wikipedia.org/wiki/Jan_Palfijn
Jan van Ruusbroec,priester,religieus,mannelijk,1292-12-25T01:00:00Z,dertiendeeeuw,Ruisbroek,Jan van Ruusbroec.png,Joseph Wauters.png,11,https://en.wikipedia.org/wiki/John_of_Ruusbroec
Jan Frans Willems,schrijver,schrijver,mannelijk,1793-03-11T01:00:00Z,achttiendeeeuw,Belgi�,Boechout,Jan Frans Willems.png,26,https://en.wikipedia.org/wiki/Jan_Frans_Willems
Jean Jaures,politicus,politicus,mannelijk,1859-09-03T01:00:00Z,negentiendeeeuw,Frankrijk,Castres,Jean Jaures.png,5,https://en.wikipedia.org/wiki/Jean_Jaur%C3%A8s
Jef van Hoof,componist,muziek,mannelijk,1886-05-08T01:00:00Z,negentiendeeeuw,Belgi�,Antwerpen,Jef van Hoof.png,8,https://en.wikipedia.org/wiki/Jef_van_Hoof
Joe English,kunstschilder,beeldend kunstenaar,mannelijk,1882-08-05T01:00:00Z,negentiendeeeuw,Belgi�,Brugge,Joe English.png,6,https://en.wikipedia.org/wiki/Joe_English
John F. Kennedy,politicus,politicus,mannelijk,1917-05-29T01:00:00Z,twintigsteeeuw,Verenigde Staten van Amerika,Brookline,John F. Kennedy.png,20,https://en.wikipedia.org/wiki/John_F._Kennedy
Joseph Wauters,politicus,politicus,mannelijk,1875-11-08T01:00:00Z,negentiendeeeuw,Belgi�,Berloz,Joseph Wauters.png,5,https://en.wikipedia.org/wiki/Joseph_Wauters
Jozef Wauters,politicus,politicus,mannelijk,1855-01-18T01:00:00Z,negentiendeeeuw,Belgi�,Temse,Jozef Wauters.png,6,https://nl.wikipedia.org/wiki/Joseph_Wauters_(politicus)
Justus Lipsius,grammaticus,wetenschapper,mannelijk,1547-10-08T01:00:00Z,zestiendeeeuw,Nederland,Overijse,Justus Lipsius.png,7,https://nl.wikipedia.org/wiki/Justus_Lipsius
Joseph Cardijn,katholiek priester,religieus,mannelijk,1882-11-18T01:00:00Z,negentiendeeeuw,Belgi�,Schaarbeek,Joseph Cardijn.png,56,https://en.wikipedia.org/wiki/Joseph_Cardijn
Desire-Joseph Mercier,filosoof,filosoof,mannelijk,1851-11-21T01:00:00Z,negentiendeeeuw,Belgi�,Eigenbrakel,Cardinal Mercier.png,15,https://en.wikipedia.org/wiki/D%C3%A9sir%C3%A9-Joseph_Mercier
Karel Lodewijk Ledeganck,dichter,schrijver,mannelijk,1805-01-01T01:00:00Z,negentiendeeeuw,Belgi�,Eeklo,Karel Lodewijk Ledeganck.png,8,https://en.wikipedia.org/wiki/Karel_Lodewijk_Ledeganck
Karel van de Woestijne,schrijver,schrijver,mannelijk,1878-03-10T01:00:00Z,negentiendeeeuw,Belgi�,Gent,Karel van de Woestijne.png,17,https://en.wikipedia.org/wiki/Karel_van_de_Woestijne
Karel van Mander,kunsthistoricus,wetenschapper,mannelijk,1548-04-21T01:00:00Z,zestiendeeeuw,Zuidelijke Nederlanden,Meulebeke,Karel van Mander.png,5,https://en.wikipedia.org/wiki/Karel_van_Mander
Keizer Karel V,monarch,monarchie,mannelijk,1500-02-15T01:00:00Z,zestiendeeeuw,Heilige Roomse Rijk,Gent,Keizer Karel V.png,13,https://en.wikipedia.org/w/index.php?search=Keizer+Karel+V&title=Special:Search&go=Go&searchToken=8gkllx8awhaor9lkjbn21ysqh
Albert I van Belgie,monarch,monarchie,mannelijk,1875-04-08T01:00:00Z,negentiendeeeuw,Belgi�,Brussel,Albert I van Belgie.png,79,https://nl.wikipedia.org/wiki/Albert_I_van_Belgi%C3%AB
Boudewijn I van Belgie,monarch,monarchie,mannelijk,1930-09-07T01:00:00Z,twintigsteeeuw,Belgi�,Laken,Boudewijn I van Belgie.png,49,https://nl.wikipedia.org/wiki/Boudewijn_van_Belgi%C3%AB
Leopold I,politicus,politicus,mannelijk,1790-12-16T01:00:00Z,achttiendeeeuw,Hertogdom Saksen-Coburg-Saalfeld,Ehrenburg Palace,Leopold I.png,9,https://nl.wikipedia.org/wiki/Leopold_I
Leopold III van Belgie,monarch,monarchie,mannelijk,1901-11-03T00:09:21Z,twintigsteeeuw,Belgi�,Brussel,Leopold III van Belgie.png,49,https://nl.wikipedia.org/wiki/Leopold_III_van_Belgi%C3%AB
Astrid van Zweden,Koningin-gemalin,monarchie,vrouwelijk,1905-11-17T00:09:21Z,twintigsteeeuw,Zweden,Stockholm,Astrid van Zweden.png,68,https://nl.wikipedia.org/wiki/Astrid_van_Zweden
"Elisabeth of Bavaria, Queen of Belgium",soevereine,monarchie,vrouwelijk,1876-07-25T01:00:00Z,negentiendeeeuw,Belgi�,Possenhofen,"Elisabeth of Bavaria, Queen of Belgium.png",25,https://en.wikipedia.org/wiki/Empress_Elisabeth_of_Austria
Fabiola de Mora y Aragon,monarch,monarchie,vrouwelijk,1928-06-11T01:00:00Z,twintigsteeeuw,Spanje,Madrid,Fabiola de Mora y Aragon.png,25,https://en.wikipedia.org/wiki/Queen_Fabiola_of_Belgium
Konrad Adenauer,advocaat,jurist,mannelijk,1876-01-05T01:00:00Z,negentiendeeeuw,Duitsland,Keulen,Konrad Adenauer.png,4,https://en.wikipedia.org/wiki/Konrad_Adenauer
Leo Baekeland,scheikundige,wetenschapper,mannelijk,1863-11-14T01:00:00Z,negentiendeeeuw,Verenigde Staten van Amerika,Gent,Leo Baekeland.png,7,https://en.wikipedia.org/wiki/Leo_Baekeland
Lieven Bauwens,politicus,politicus,mannelijk,1942-03-07T02:00:00Z,twintigsteeeuw,Belgi�,,Lieven Bauwens.png,6,https://en.wikipedia.org/wiki/Lieven_Bauwens
Lieven Gevaert,politicus,politicus,mannelijk,1868-05-28T01:00:00Z,negentiendeeeuw,Belgi�,Antwerpen,Lieven Gevaert.png,5,https://en.wikipedia.org/wiki/Lieven_Gevaert
Lily Boeykens,feminist,feminist,vrouwelijk,1930-03-21T00:00:00Z,twintigsteeeuw,Belgi�,,Lily Boeykens.png,3,https://nl.wikipedia.org/wiki/Lily_Boeykens
Lode Zielens,schrijver,schrijver,mannelijk,1901-06-13T00:09:21Z,twintigsteeeuw,Belgi�,Antwerpen,Lode Zielens.png,6,https://nl.wikipedia.org/wiki/Lode_Zielens
Lodewijk de Raet,econoom,econoom,mannelijk,1870-01-01T01:00:00Z,negentiendeeeuw,Belgi�,,Lodewijk de Raet.png,10,https://nl.wikipedia.org/wiki/Lodewijk_de_Raet
Lodewijk Dosfel,dichter,schrijver,mannelijk,1881-03-15T01:00:00Z,negentiendeeeuw,Belgi�,Dendermonde,Lodewijk Dosfel.png,7,https://nl.wikipedia.org/wiki/Lodewijk_Dosfel
Louis Pasteur,microbioloog,wetenschapper,mannelijk,1822-12-27T01:00:00Z,negentiendeeeuw,Frankrijk,Dole,Louis Pasteur.png,7,https://nl.wikipedia.org/wiki/Louis_Pasteur
Louis Paul Boon,schrijver,schrijver,mannelijk,1912-03-15T00:00:00Z,twintigsteeeuw,Belgi�,Aalst,Louis Paul Boon.png,12,https://nl.wikipedia.org/wiki/Louis_Paul_Boon
Mahatma Gandhi,politicus,politicus,mannelijk,1869-10-02T01:00:00Z,negentiendeeeuw,Brits-Indi�,Porbandar State,Mahatma Gandhi.png,3,https://nl.wikipedia.org/wiki/Mahatma_Gandhi
Margaretha van Parma,politicus,politicus,vrouwelijk,1522-12-18T01:00:00Z,zestiendeeeuw,Belgi�,Oudenaarde,Margaretha van Parma.png,3,https://nl.wikipedia.org/wiki/Margaretha_van_Parma
Marguerite Yourcenar,schrijver,schrijver,vrouwelijk,1903-06-08T00:09:21Z,twintigsteeeuw,Frankrijk,Brussel,Marguerite Yourcenar.png,3,https://nl.wikipedia.org/wiki/Marguerite_Yourcenar
Maria Goretti,heilige,religieus,vrouwelijk,1890-10-16T01:00:00Z,negentiendeeeuw,Koninkrijk Itali�,Corinaldo,Maria Goretti.png,3,https://nl.wikipedia.org/wiki/Maria_Goretti
Maria van Bourgondie,politicus,politicus,vrouwelijk,1457-02-04T01:00:00Z,vijftiendeeeuw,Frankrijk,Brussel,Maria van Bourgondie.png,6,https://nl.wikipedia.org/wiki/Maria_van_Bourgondi%C3%AB
Maria van Hongarije,monarch,monarchie,vrouwelijk,1371-04-06T01:00:00Z,veertiendeeeuw,Polen,,Maria van Hongarije.png,3,https://nl.wikipedia.org/wiki/Maria_van_Hongarije
Marie Curie,natuurkundige,wetenschapper,vrouwelijk,1867-11-07T01:00:00Z,negentiendeeeuw,Frankrijk,Warschau,Marie Curie.png,7,https://en.wikipedia.org/wiki/Marie_Curie
Marie Popelin,advocaat,jurist,vrouwelijk,1846-12-16T01:00:00Z,negentiendeeeuw,Belgi�,Schaarbeek,Marie Popelin.png,6,https://en.wikipedia.org/wiki/Marie_Popelin
Maurice Maeterlinck,schrijver,schrijver,mannelijk,1862-08-29T01:00:00Z,negentiendeeeuw,Belgi�,Gent,Maurice Maeterlinck.png,6,https://en.wikipedia.org/wiki/Maurice_Maeterlinck
Maurits Sabbe,schrijver,schrijver,mannelijk,1873-02-09T01:00:00Z,negentiendeeeuw,Belgi�,Brugge,Maurits Sabbe.png,10,https://en.wikipedia.org/wiki/Maurits_Sabbe
Joanna Courtmans,schrijver,schrijver,vrouwelijk,1811-09-06T01:00:00Z,negentiendeeeuw,Belgi�,Oudergem,Joanna Courtmans.png,3,https://en.wikipedia.org/wiki/Joanna_Courtmans
Nelson Mandela,politicus,politicus,mannelijk,1918-07-18T01:00:00Z,twintigsteeeuw,Zuid-Afrika,Mvezo,Nelson Mandela.png,7,https://en.wikipedia.org/wiki/Nelson_Mandela
Pater Damiaan,missionaris,religieus,mannelijk,1840-01-03T01:00:00Z,negentiendeeeuw,Belgi�,Tremelo,Pater Damiaan.png,33,https://en.wikipedia.org/wiki/Father_Damien
Dominique Pire,theoloog,wetenschapper,mannelijk,1910-02-10T00:09:21Z,twintigsteeeuw,Belgi�,Dinant,Dominique Pire.png,7,https://en.wikipedia.org/wiki/Dominique_Pire
Paul Gilson,componist,muziek,mannelijk,1865-06-15T01:00:00Z,negentiendeeeuw,Belgi�,Brussel,Paul Gilson.png,5,https://en.wikipedia.org/wiki/Paul_Gilson
Paul Janson,politicus,politicus,mannelijk,1840-04-11T01:00:00Z,negentiendeeeuw,Belgi�,Herstal,Paul Janson.png,5,https://en.wikipedia.org/wiki/Paul_Janson
Paul van Ostaijen,dichter,schrijver,mannelijk,1896-02-22T01:00:00Z,negentiendeeeuw,Belgi�,Antwerpen,Paul van Ostaijen.png,8,https://en.wikipedia.org/wiki/Paul_van_Ostaijen
Peter Benoit,dirigent,muziek,mannelijk,1834-08-17T01:00:00Z,negentiendeeeuw,Belgi�,Harelbeke,Peter Benoit.png,57,https://en.wikipedia.org/wiki/Peter_Benoit
Peter Paul Rubens,kunstschilder,beeldend kunstenaar,mannelijk,1577-06-18T01:00:00Z,zestiendeeeuw,Spaanse Nederlanden,Siegen,Peter Paul Rubens.png,20,https://en.wikipedia.org/wiki/Peter_Paul_Rubens
Pieter Bruegel de Oude,kunstschilder,beeldend kunstenaar,mannelijk,1524-12-22T01:00:00Z,zestiendeeeuw,Habsburgse Nederlanden,Breda,Pieter Bruegel de Oude.png,16,https://en.wikipedia.org/wiki/Pieter_Bruegel_the_Elder
Pieter de Coninck,wever,wever,mannelijk,1299-12-25T01:00:00Z,dertiendeeeuw,Frankrijk,Brugge,Pieter de Coninck.png,13,https://en.wikipedia.org/wiki/Pieter_de_Coninck
Adolf Daens,politicus,politicus,mannelijk,1839-12-18T01:00:00Z,negentiendeeeuw,Belgi�,Aalst,Adolf Daens.png,18,https://en.wikipedia.org/wiki/Adolf_Daens
Albert van Saksen-Coburg en Gotha,muzikant,muziek,mannelijk,1819-08-26T01:00:00Z,negentiendeeeuw,Verenigd Koninkrijk,Schloss Rosenau,Albert van Saksen-Coburg en Gotha.png,16,https://nl.wikipedia.org/wiki/Albert_van_Saksen-Coburg_en_Gotha
Baudouin of Belgium,monarch,monarchie,mannelijk,1930-09-07T01:00:00Z,twintigsteeeuw,Belgi�,Laken,Baudouin of Belgium.png,24,https://en.wikipedia.org/wiki/Baudouin_of_Belgium
Karel van Belgie,kunstschilder,beeldend kunstenaar,mannelijk,1903-10-10T00:09:21Z,twintigsteeeuw,Belgi�,Brussel,Karel van Belgie.png,10,https://nl.wikipedia.org/wiki/Karel_van_Belgi%C3%AB
Leopold van Belgie,monarch,monarchie,mannelijk,1859-06-12T01:00:00Z,negentiendeeeuw,Belgi�,Laken,Leopold van Belgie.png,9,https://nl.wikipedia.org/wiki/Leopold_van_Belgi%C3%AB
Clementine van Belgie,politicus,politicus,vrouwelijk,1872-07-30T01:00:00Z,negentiendeeeuw,Belgi�,Kasteel van Laken,Clementine van Belgie.png,3,https://nl.wikipedia.org/wiki/Clementine_van_Belgi%C3%AB
Elisabeth van Belgie,politicus,politicus,vrouwelijk,2001-10-25T02:00:00Z,twintigsteeeuw,Belgi�,Anderlecht,Elisabeth van Belgie.png,7,https://nl.wikipedia.org/wiki/Elisabeth_van_Belgi%C3%AB
Princess Josephine Charlotte of Belgium,politicus,politicus,vrouwelijk,1927-10-11T00:00:00Z,twintigsteeeuw,Belgi�,Brussel,Princess Josephine Charlotte of Belgium.png,7,https://en.wikipedia.org/wiki/Princess_Jos%C3%A9phine_Charlotte_of_Belgium
Marie Jose of Belgium,Koningin,monarchie,vrouwelijk,1906-08-04T00:09:21Z,twintigsteeeuw,Belgi�,Oostende,Marie Jose of Belgium.png,4,https://en.wikipedia.org/wiki/Marie_Jos%C3%A9_of_Belgium
Queen Paola of Belgium,Koningin-gemalin,monarchie,vrouwelijk,1937-09-11T01:00:00Z,twintigsteeeuw,Belgi�,Forte dei Marmi,Queen Paola of Belgium.png,10,https://en.wikipedia.org/wiki/Queen_Paola_of_Belgium
Quinten Massijs (I),kunstschilder,beeldend kunstenaar,mannelijk,1465-12-23T01:00:00Z,vijftiendeeeuw,Zuidelijke Nederlanden,Leuven,Quinten Massijs (I).png,13,https://en.wikipedia.org/wiki/Quentin_Matsys
Renaat De Rudder,politicus,politicus,mannelijk,1897-12-11T01:00:00Z,negentiendeeeuw,Belgi�,,Renaat De Rudder.png,7,https://nl.wikipedia.org/wiki/Renaat_De_Rudder
Renaat Veremans,dirigent,muziek,mannelijk,1894-03-02T01:00:00Z,negentiendeeeuw,Belgi�,,Renaat Veremans.png,7,https://nl.wikipedia.org/wiki/Renaat_Veremans
Rene De Clercq,dichter,schrijver,mannelijk,1877-11-14T01:00:00Z,negentiendeeeuw,Belgi�,Deerlijk,Rene De Clercq.png,6,https://nl.wikipedia.org/wiki/Ren%C3%A9_De_Clercq
Renier Snieders,schrijver,schrijver,mannelijk,1812-11-22T01:00:00Z,negentiendeeeuw,Nederland,,Renier Snieders.png,5,https://nl.wikipedia.org/wiki/Renier_Snieders
Rik Wouters,kunstschilder,beeldend kunstenaar,mannelijk,1882-08-21T01:00:00Z,negentiendeeeuw,Belgi�,Mechelen,Rik Wouters.png,5,https://nl.wikipedia.org/wiki/Rik_Wouters
Robert Schuman,politicus,politicus,mannelijk,1886-06-29T01:00:00Z,negentiendeeeuw,Frankrijk,Luxemburg,Robert Schuman.png,10,https://nl.wikipedia.org/wiki/Robert_Schuman
Simon Stevin,wiskundige,wetenschapper,mannelijk,1547-12-22T01:00:00Z,zestiendeeeuw,Republiek der Zeven Verenigde Nederlanden,Brugge,Simon Stevin.png,7,https://nl.wikipedia.org/wiki/Simon_Stevin
Antonius van Egypte,monnik,religieus,mannelijk,0251-01-01T01:00:00Z,derdeeeuw,Egypte,Heracleopolis Magna,Antonius van Egypte.png,9,https://nl.wikipedia.org/wiki/Antonius_van_Egypte
Hubertus van Luik,priester,religieus,mannelijk,0654-12-29T01:00:00Z,zevendeeeuw,Belgi�,Toulouse,Hubertus van Luik.png,7,https://nl.wikipedia.org/wiki/Hubertus_van_Luik
Martinus van Tours,klerk,religieus,mannelijk,0315-12-31T01:00:00Z,vierdeeeuw,Frankrijk,Szombathely,Martinus van Tours.png,8,https://nl.wikipedia.org/wiki/Martinus_van_Tours
Stijn Streuvels,schrijver,schrijver,mannelijk,1871-10-03T01:00:00Z,negentiendeeeuw,Belgi�,Heule,Stijn Streuvels.png,71,https://nl.wikipedia.org/wiki/Stijn_Streuvels
Till Eulenspiegel,circusartiest,fictief,mannelijk,1299-12-25T01:00:00Z,dertiendeeeuw,Duitsland,Kneitlingen,Till Eulenspiegel.png,8,https://en.wikipedia.org/wiki/Till_Eulenspiegel
Valerius De Saedeleer,kunstschilder,beeldend kunstenaar,mannelijk,1867-08-04T01:00:00Z,negentiendeeeuw,Belgi�,Aalst,Valerius De Saedeleer.png,8,https://en.wikipedia.org/wiki/Valerius_de_Saedeleer
Vincent van Gogh,kunstschilder,beeldend kunstenaar,mannelijk,1853-03-30T01:00:00Z,negentiendeeeuw,Koninkrijk der Nederlanden,Zundert,Vincent van Gogh.png,5,https://en.wikipedia.org/wiki/Vincent_van_Gogh
Willem Elsschot,dichter,schrijver,mannelijk,1882-05-07T01:00:00Z,negentiendeeeuw,Belgi�,Antwerpen,Willem Elsschot.png,12,https://en.wikipedia.org/wiki/Willem_Elsschot
William Tell,vogelvrij,fictief,mannelijk,,Zwitserland,Uri,William Tell.png,Stijn Streuvels.png,5,https://en.wikipedia.org/wiki/William_Tell
Zenobe Gramme,natuurkundige,wetenschapper,mannelijk,1826-04-04T01:00:00Z,negentiendeeeuw,Belgi�,Jehay,Zenobe Gramme.png,6,https://en.wikipedia.org/wiki/Z%C3%A9nobe_Gramme
